#,Координатор,Статус,Пріоритет,Тема,Призначена до,Оновлено
28516,Ошибка,Новая,Нормальный,"[content]Відсутнє зображення товару на сторінці ""ЕЛЕКТРОННІ ПОДАРУНКОВІ СЕРТИФІКАТИ""",Ярина Гнатишак,2026-09-28 14:18
28030,Ошибка,Новая,Нормальный,[L10] При перекладі на 日本語 мову частина тексту залишається Англійською,Ярина Гнатишак,2026-06-17 20:22
28025,Ошибка,Новая,Нормальный,[L10N]Не коректний переклад категорії товарів в хедері сайту Українською версією,Redmine Admin,2026-06-17 19:44
28015,Ошибка,Новая,Нормальный,[L10N]Не коректний  переклад категорії товарів в хедері сайту Українською версією,Redmine Admin,2026-06-17 19:23
28006,Ошибка,Новая,Нормальный,[L10N]Не повний переклад категорії товарів в хедері сайту Українською версією сайту,Redmine Admin,2026-06-17 19:46
28002,Ошибка,Новая,Нормальный,В каталозі товарів в Українській  версії немає перекладу  деяких категорій товарів ,Ярина Гнатишак,2026-06-17 19:18
27918,Ошибка,Новая,Нормальный,"[L10N] Розділ ""company overview"" не перекладений на португальську мову",Крістіна  Ігольникова,2026-05-31 16:50
27769,Ошибка,Новая,Высокий,"Відсутність блоку ""Корисні посилання"" на англійскої мові",Vlad X,2026-05-10 22:00
27768,Ошибка,Новая,Высокий,Зменшування бази пунктів на англійськой мові,Vlad X,2026-05-10 21:53
27767,Ошибка,Новая,Высокий,"Порожня сторінка ""Програми розвитку дошкільнят""",Vlad X,2026-05-10 21:44
27766,Ошибка,Новая,Высокий,"Порожня сторінка ""Вивчайте англійську мову""",Vlad X,2026-05-10 21:37
27765,Ошибка,Новая,Высокий,"Порожня сторінка ""Запис до дитячого садка""",Vlad X,2026-05-10 21:33
27764,Ошибка,Новая,Нормальный,Невідповідність головного меню при зміні мови,Vlad X,2026-05-10 21:27
27763,Ошибка,Новая,Высокий,"Зміна мови сторінки при натисканні кнопки ""Details""",Vlad X,2026-05-10 21:26
27762,Ошибка,Новая,Высокий,"Не працювання сторінки ""Єлектронні підручники""",Vlad X,2026-05-10 21:22
27761,Ошибка,Новая,Высокий,"Зміна мови сторінки при натисканні кнопки ""Details""",Vlad X,2026-05-10 21:13
27760,Ошибка,Новая,Нормальный,Невідповідність головного меню при зміні мови,Vlad X,2026-05-10 21:05
27751,Ошибка,Новая,Нормальный,"Не коректна робота кнопки ""дізнатись більше"" при перекладі на англійську мову","",2026-05-10 09:16
27661,Ошибка,Новая,Низкий,Змішування мов у інтерфейсі (UA/RU),Vlad X,2026-05-02 16:23
27660,Ошибка,Новая,Высокий,Невідповідність лічильника товарів у блоці «Порівняння» при переході на головну сторінку,Vlad X,2026-05-02 16:18
27659,Ошибка,Новая,Высокий,Некоректне значення лічильника кошика після додавання 4-х і більше товарів,Vlad X,2026-05-02 16:15
27658,Ошибка,Новая,Срочный,Критична помилка: Скидання кошика та повідомлення «Кошик порожній» при спробі оформити замовлення,Vlad X,2026-05-02 16:09
27657,Ошибка,Новая,Высокий,Непрацююча фільтрація та сортування на сторінці «Спец пропозиції»,Vlad X,2026-05-02 15:55
27583,Ошибка,Новая,Нормальный,"Відсутнє фото-підтвердження продукту ""Кабель""",Марта Роман,2026-04-29 21:00
27512,Ошибка,Новая,Нормальный,"Відсутні цінова категорія та фільтри в каталозі товарів  ""електрообладнання""  категорія ""компресори"" на сторінці сайту https://www.roznica.com.ua/",Ярина Гнатишак,2026-04-27 14:23
27510,Ошибка,Новая,Нормальный,"Не знайдена сторінка ""стабілізатори "" в категорії ""спецпропозиції"" на сайті https://www.roznica.com.ua/",Ярина Гнатишак,2026-04-27 12:25
27509,Ошибка,Новая,Высокий,Відсутній варіант оплати картою на сайті https://www.roznica.com.ua/,Ярина Гнатишак,2026-04-27 10:57
27508,Ошибка,Новая,Нормальный,"Відсутні більшість зображень товарів категорії ""авто/мото товари"" на сайті  https://www.roznica.com.ua/",Ярина Гнатишак,2026-04-27 10:45
27500,Ошибка,Новая,Низкий," Присутня  кнопка  ""розповісти друзям""  яка не працює при натисканні ,на сайті https://www.roznica.com.ua/",Ярина Гнатишак,2026-04-26 13:42
27499,Ошибка,Новая,Нормальный," Відсутні більшість фото товарів категорії ""аудіо  та відео товари"" на сайті https://www.roznica.com.ua/avtomoto-tovary-c213",Ярина Гнатишак,2026-04-26 10:50
27498,Ошибка,Новая,Нормальный," Відсутні більшість фото товарів категорії ""авто/мото товари"" на сайті https://www.roznica.com.ua/avtomoto-tovary-c213",Ярина Гнатишак,2026-04-27 15:01
27457,Ошибка,Новая,Нормальный,"Відсутня іконка ""Порівняння товарів""",Vlad X,2026-04-22 20:47
27443,Ошибка,Новая,Нормальный,"Відсутня іконка ""калькулятора""",Vlad X,2026-04-22 20:31
27432,Ошибка,Новая,Нормальный,Зникла калькулятор з опису товара,irina solovey,2026-04-22 20:18
27331,Ошибка,Новая,Нормальный,відсутний  слайдера на головному меню ,Redmine Admin,2026-04-04 17:14
27327,Ошибка,Новая,Нормальный,зник елемент в боковому меню ,Redmine Admin,2026-04-04 17:05
27322,Ошибка,Новая,Нормальный,"Отсутствует кнопка ""каталог""",Redmine Admin,2026-04-04 16:33
27059,Ошибка,Новая,Нормальный,Неактивная кнопка «До кошика» при быстром клике (Race Condition),Timur Yamchuk,2026-02-16 15:35
27058,Ошибка,Новая,Нормальный,Сброс фильтров при смене сортировки в каталоге,Timur Yamchuk,2026-02-16 15:34
27057,Ошибка,Новая,Нормальный,Наложение липкого хедера на контент при скролле (Z-index),Timur Yamchuk,2026-02-16 15:33
27056,Ошибка,Новая,Нормальный,Отсутствие маски ввода или валидации в поле поиска,"",2026-02-16 15:31
26314,Ошибка,Новая,Нормальный,"Відсутнє наповнення статті ""Найчастіші запитання щодо впровадження систем енергоменеджменту"" в підрозділах ""Енергоефективність - Енергетичний аудит та менеджмент - Енергетичний менеджмент"" в розділі ","",2026-01-30 12:01
26291,Ошибка,Новая,Нормальный,"Не клікабельне посилання на електронну адресу ""Національне бюро з розслідування авіаційних подій та інцидентів з цивільними повітряними суднами"" в розділі ""Мапа сайту"" в футері в підрозділі ""Підвідомчі організаціі""",Redmine Admin,2026-01-27 20:04
26093,Ошибка,Новая,Нормальный,Текст в попапе слишком мелкий и плохо контрастирует с фоном — сложно читать,Redmine Admin,2025-12-01 21:10
26092,Ошибка,Новая,Нормальный,"Отзыв с некорректным набором букв или бессмысленным текстом проходит на модерацию, вместо блокировки или предупреждения",Redmine Admin,2025-12-01 21:02
26091,Ошибка,Новая,Высокий,"При выборе русского языка на сайте, язык автоматически переключается на украинский при переходе на страницы товаров",Redmine Admin,2025-12-01 20:47
26090,Ошибка,Новая,Высокий,При нажатии на кнопку «Возврат товара» открывается страница «Поисковая страница не найдена»,Redmine Admin,2025-12-01 20:34
26089,Ошибка,Новая,Высокий,"Форма регистрации принимает некорректные данные — невалидный e-mail, имя, фамилию и номер телефона",Redmine Admin,2025-12-01 20:07
26059,Ошибка,Новая,Нормальный,"Не активная иконка ""Адрес электронной почты"" на главной странице в футере.",Redmine Admin,2025-11-29 11:58
26058,Ошибка,Новая,Низкий,"Не работают элементы перемыкания привью в разделе товаров ""Оригінальна стрічка з карабіном для ключів Mercedes-Benz AMG Petronas Lanyard Black - MY2024""",Redmine Admin,2025-11-29 11:44
26057,Ошибка,Новая,Нормальный,Нет всплывающего окна в иконках социальный сетей в футере на главной странице,Redmine Admin,2025-11-29 11:25
26056,Ошибка,Новая,Нормальный,Не корректно отображается запрос товара на главной странице в хедере в поисковой строке,Redmine Admin,2025-11-29 11:08
26054,Ошибка,Новая,Нормальный,Отсутствие всплывающего окна названия иконки на главной странице в хедере с правой стороны,Redmine Admin,2025-11-29 10:43
26020,Ошибка,Новая,Нормальный,"Відсутні превʹю товарів в розділі ""Авто компресор""",Володимир Поливода,2025-11-27 00:32
26019,Ошибка,Новая,Нормальный,"Некоректна робота фільтру ""Производитель изделия"" сторінки ""FM-модуляторы""",Володимир Поливода,2025-11-27 00:25
26018,Ошибка,Новая,Нормальный,"Некоректна робота фільтру ""Ценовая категория"" на сторінці ""Авто-навигаторы""",Володимир Поливода,2025-11-27 00:07
26016,Ошибка,Новая,Нормальный,"Некоректно працює фільтр сортування товару сторінки ""Cпецпредложение"" ",Володимир Поливода,2025-11-26 23:43
26015,Ошибка,Новая,Нормальный,"Назва сторінки ""Cпецпредложение"" не відображається в хедері сторінки ",Володимир Поливода,2025-11-26 23:25
25999,Ошибка,Новая,Нормальный,"""Месенджери  Viber, WhatsApp або Telegram"" в разделе Доставка и оплата -не активные",Redmine Admin,2025-11-26 18:56
25346,Ошибка,Новая,Низкий,Хлебные крошки на русском языке при входе в список сравнения в украинской версии ,Nadia Lukashevych,2025-05-21 20:31
25344,Ошибка,Новая,Нормальный,Хлебные крошки на русском языке при входе в список сравнения в украинской версии ,Nadia Lukashevych,2025-05-21 20:23
25292,Ошибка,Новая,Нормальный,"Лишние разделы ""Корм для тварин"" и ""Покриття для підлоги"" в меню ""КАТАЛОГ ТОВАРІВ"" на украинской странице сайта",Nadia Lukashevych,2025-05-17 19:04
25291,Ошибка,Новая,Нормальный,Не переведено на украинский язык открывающееся меню Accordeon на главной странице на украинском языке,Nadia Lukashevych,2025-05-17 18:50
25290,Ошибка,Новая,Нормальный,"После просмотра товары не отображаются в разделе ""Переглянуті товари"" на украинской странице сайта",Nadia Lukashevych,2025-05-17 18:23
25038,Ошибка,Новая,Нормальный,При наведении на дерево и перемещении камеры выделение изменяется на другое дерево,Redmine Admin,2025-04-01 09:07
24635,Ошибка,Новая,Нормальный,https://moz.gov.ua/uk,Redmine Admin,2025-02-07 20:22
24593,Ошибка,Новая,Нормальный,https://qwertyshop.ua/,Tatiana Yegorova-Hudkova,2025-02-07 05:38
24592,Ошибка,Новая,Нормальный,https://qwertyshop.ua/,Tatiana Yegorova-Hudkova,2025-02-07 05:37
24591,Ошибка,Новая,Нормальный,https://qwertyshop.ua/,Tatiana Yegorova-Hudkova,2025-02-07 05:36
24590,Ошибка,Новая,Нормальный,https://qwertyshop.ua/,Tatiana Yegorova-Hudkova,2025-02-07 05:35
24589,Ошибка,Новая,Высокий,https://qwertyshop.ua/,"",2025-02-07 05:33
24588,Ошибка,Новая,Высокий,https://qwertyshop.ua/,"",2025-02-07 05:33
24587,Ошибка,Новая,Нормальный,https://qwertyshop.ua/,Tatiana Yegorova-Hudkova,2025-02-07 05:31
24506,Ошибка,Новая,Низкий,"Розмір іконки ""Довідковий центр"" не відображається корректно",Дмитро Щипков,2025-02-05 19:46
24503,Ошибка,Новая,Нормальный,"Кнопка ""OK"" не закрывает окно ""О программе""",Дмитро Щипков,2025-02-05 19:21
24420,Ошибка,Новая,Нормальный,Додатковий центр,Redmine Admin,2025-02-05 10:14
23977,Ошибка,Новая,Нормальный,"Иконка ""Магазин Розетка"" не отображается в боковом меню ",Dariia Kyselova,2025-01-31 20:44
23974,Ошибка,Новая,Нормальный,"Іконка ""Магазин Rozetka"" не відображається у боковому меню",Svitlana Kovalova,2025-01-31 20:39
23970,Ошибка,Новая,Нормальный,"Іконка ""Магазин Rozetka"" не відображається у боковому меню",Svitlana Kovalova,2025-01-31 20:38
23964,Ошибка,Новая,Нормальный,Іконка магазину Rozetka не відображається у боковому меню,Svitlana Kovalova,2025-01-31 20:36
23962,Ошибка,Новая,Нормальный,Иконка Магазин Розетка не отображается в боковом меню ,Dariia Kyselova,2025-01-31 20:36
23683,Ошибка,Новая,Нормальный,Наложение текстуры рисунка ключей на на рисунок клыка на кабаньей голове на стене в первой горизонтальной секции.,Александр Вербицкий,2024-09-20 19:49
23546,Ошибка,Новая,Нормальный,"В нижнем правом углу, ""круглая"" кнопка связи-нет возможности связаться через E-mail", Людмила Иудина,2024-09-10 15:16
23545,Ошибка,Новая,Нормальный,"При нажатии на иконку ""бинокль""в правом углу хедера нету отклика             ", Людмила Иудина,2024-09-10 14:56
23309,Ошибка,Новая,Нормальный,"В нижнем правом углу кнопка ""Маєте питання"" на укр.языке при основном русском ", Людмила Иудина,2024-09-01 11:14
23285,Ошибка,Новая,Нормальный,Відсутня функція зміни мови (біля пошукового рядку),Євген Лосенко,2024-09-01 10:39
22927,Ошибка,Новая,Высокий,"Отсутствует ""Кнопка локализации"" в хедере",Redmine Admin,2024-05-23 19:51
22923,Ошибка,Новая,Высокий,"Отсутствует ""Кнопки выбора локализации"" в хедере",Redmine Admin,2024-05-23 19:47
22668,Ошибка,Новая,Нормальный,Фільтр на сторінці Пошук офіційних документів не працює,Вова Юркевіч,2024-04-02 12:44
22667,Ошибка,Новая,Нормальный,Кнопка пошук не працює,Вова Юркевіч,2024-04-02 12:42
21710,Ошибка,Новая,Высокий,"При покупці коли товар в кошику  ""Спосіб оплати тільки готівка""",Redmine Admin,2023-09-30 20:55
21699,Ошибка,Новая,Высокий,"В боковому меню ""Діагональ екрана "" має подвійні лапки в верху з одніеї сторони ",Marina Munteanu,2023-09-30 20:23
21448,Ошибка,Новая,Нормальный,"[L10N] In the pop-up menu ""My Account"" when changing the localization to UA text in the field ""E-mail address or phone number"" the text goes outside the field.",Dubrovin Denis,2023-07-13 20:15
21441,Ошибка,Новая,Нормальный,Localization of slides on the main page is missing.,Dubrovin Denis,2023-07-13 20:06
21439,Ошибка,Новая,Нормальный,"Unavailable  ""tell your friends"" link",Татьяна  Жаровля ,2023-07-13 20:05
21256,Ошибка,Новая,Нормальный,Верхняя правая кнопка не передвигается,"",2023-06-19 19:03
21248,Ошибка,Новая,Нормальный,не передвигается 11,"",2023-06-19 19:01
21243,Ошибка,Новая,Нормальный,кнопка о программе не открывает новое окно,"",2023-06-19 18:59
21237,Ошибка,Новая,Нормальный,"Кнопка ""О программе"" не открывает новоке окно","",2023-06-19 18:59
21234,Ошибка,Новая,Нормальный,Подарочный сертификат не активируется,Сергей Пидтесаный,2023-06-14 20:46
21232,Ошибка,Новая,Низкий,"Срезана кнопка ""Отправить"" в разделе ""Написать нам"" в  Відділі ""Ібіс. Рибальство і туризм""",Яна Дехтяренко,2023-06-14 20:43
21222,Ошибка,Новая,Нормальный,"Отсутствует скидка на нож BF-741 в разделе ""Розпродаж""","",2023-06-14 20:27
21219,Ошибка,Новая,Нормальный,При  вводе в поисковик несуществующего товара - появляется перечень товаров магазина,Яна Дехтяренко,2023-06-14 20:21
21212,Ошибка,Новая,Нормальный,Отсутствует изображение карабина код 2005716,Яна Дехтяренко,2023-06-14 20:12
21205,Ошибка,Новая,Нормальный,Описание винтовки код 21920135 на русском языке при смене локализации на UE,Яна Дехтяренко,2023-06-14 20:05
21181,Ошибка,Новая,Нормальный,"Восстановление объекта ""Авто"" на дорогу без запроса.",Евгений Свистунов,2023-05-28 19:51
21173,Ошибка,Новая,Нормальный,"Прохождение через текстуру объекта ""дерево"".",Евгений Свистунов,2023-05-28 16:42
21172,Ошибка,Новая,Нормальный,"Удаляются кнопки ""Twitter"", ""Facebook"", ""Google+"" также и неудачной попытки активации бонуса.",Евгений Свистунов,2023-05-28 16:18
21170,Ошибка,Новая,Нормальный,"При нажатии на кнопку ""джойстик"" открывается окно с ошибкой.",Евгений Свистунов,2023-05-28 16:02
21169,Ошибка,Новая,Нормальный,"При нажатии на кнопку ""g+"" открывается окно с ошибкой.",Евгений Свистунов,2023-05-28 15:54
21168,Ошибка,Новая,Высокий,"На главном экране отсутствует кнопка ""Quit"".",Евгений Свистунов,2023-05-28 15:48
21166,Ошибка,Новая,Срочный,"Обрезан экран и кнопки ""Get money"", ""settings"".",Евгений Свистунов,2023-05-28 15:17
20829,Ошибка,Новая,Нормальный,"Отсутствует выбор ""оплата картой"" в корзине товаров при оформлении заказа","",2023-05-14 12:56
20828,Ошибка,Новая,Нормальный,Частичная локализация некорректный перевод производителей в разделе стиральные машины,Катерина Пелех,2023-05-14 12:49
20826,Ошибка,Новая,Нормальный,"Не функционирует кнопка ""перевод на русский язык RU"" в хедере возле поисковой строки справа",Катерина Пелех,2023-05-14 12:35
20740,Ошибка,Новая,Нормальный,"Отсутствует функция""Микрофон"" в поисковике сайта в бади",Redmine Admin,2023-05-12 19:44
20594,Ошибка,Новая,Нормальный,"[FF] Перестает работать прокрутка сайта scrool mouse  ""Dwells residential complex"".",Евгений Свистунов,2023-04-23 18:56
20593,Ошибка,Новая,Нормальный,[GC] Отсутствует строка со ссылками внизу экрана.,Евгений Свистунов,2023-04-23 18:49
20592,Ошибка,Новая,Срочный,[FF] Перестает работать прокрутка сайта scrool mouse.,Евгений Свистунов,2023-04-23 18:42
20591,Ошибка,Новая,Высокий,[ED] [FF] Не открывается автоматически изображение.,Евгений Свистунов,2023-04-23 18:35
20590,Ошибка,Новая,Нормальный,[FF] [ED] Не корректное размещение текста по отношению к изображению (наложение).,Евгений Свистунов,2023-04-23 18:29
20504,Ошибка,Новая,Нормальный,"Кнопка ""новая игра"" не всегда срабатывает","",2023-04-19 19:09
20494,Ошибка,Новая,Высокий,Крайняя правая плитка не работает,"",2023-04-19 19:07
20483,Ошибка,Новая,Нормальный,"Кнопка ""О програме не кликабельна""","",2023-04-19 19:02
20385,Ошибка,Новая,Нормальный,"L10N Не переведенный текст c русского языка на английский ""ДОМ"".",Евгений Свистунов,2023-03-31 23:28
20384,Ошибка,Новая,Нормальный,"L10N Не переведенный текст c русского языка на английский ""Центр продаж 7км. Одесса, 7-й км. ..."".",Евгений Свистунов,2023-03-31 23:22
20383,Ошибка,Новая,Нормальный,"L10N Не переведенный текст c украинского на русский ""политика конфиденциальности"".",Евгений Свистунов,2023-03-31 23:15
20382,Ошибка,Новая,Нормальный,"L10N Не переведенный текст c украинского языка на английский по ссылке ""Laureat of the nomination ""Innovations in construction"""".",Евгений Свистунов,2023-03-31 23:08
20381,Ошибка,Новая,Нормальный,"L10N Не переведенный текст c русского языка на английский по ссылке ""The Confederate Star"".",Евгений Свистунов,2023-03-31 23:05
20380,Ошибка,Новая,Нормальный,"Не активная ссылка ""# ZEZMAN_Holding"".",Евгений Свистунов,2023-03-31 22:47
20379,Ошибка,Новая,Высокий,"Ошибка 404. ""Контакты"".",Евгений Свистунов,2023-03-31 22:28
20378,Ошибка,Новая,Высокий,"Ошибка 404. ""Команда ZEZMAN"".",Евгений Свистунов,2023-03-31 22:24
20377,Ошибка,Новая,Высокий,"Ошибка 404. ""ZEZMAN Holding"".",Евгений Свистунов,2023-03-31 22:20
20376,Ошибка,Новая,Высокий,"При нажатии кнопки ""Розрахувати кредит або розстрочку"" открывает страницу с текстом ""Это содержимое недоступно"".",Евгений Свистунов,2023-03-31 22:12
20115,Ошибка,Новая,Низкий,"Отсутствуют контакты менеджера по продажам в разделе ""Наша команда""",Демичева Татьяна,2023-03-11 14:38
20089,Ошибка,Новая,Высокий,Не регистрирует пользователя,Демичева Татьяна,2023-03-04 14:11
20007,Ошибка,Новая,Нормальный,"Знак вопроса ""О прогамме"" не работает кнопка ""ОК""","",2023-02-28 19:18
20006,Ошибка,Новая,Нормальный,Кнопка ОК в окне о программе не работает,"",2023-02-28 19:17
19998,Ошибка,Новая,Низкий,Новая игра с помощью соответсвующей кнопки или ctrl+N запускается не с первого раза,"",2023-02-28 19:15
19997,Ошибка,Новая,Нормальный,"Кнопка ""Новая игра"" не всегда срабатывает.","",2023-02-28 19:14
19987,Ошибка,Новая,Высокий,Не передвигается ячейка в правом верхнем углу,"",2023-02-28 19:12
19980,Ошибка,Новая,Нормальный,"Кнопка ""О программе"" не открывает окно о программе","",2023-02-28 19:10
19972,Ошибка,Новая,Нормальный,"кнопка ""О программе"" не открывает новое окно о программе","",2023-02-28 19:07
19932,Ошибка,Новая,Нормальный,"Ошибка из консоли DevTools ""GET https://zbgis.skgeodesy.sk/zbgis/rest/services/Ortofoto/MapServer/tile/8/86/142?blankTile=false 404 (Not Found)"".",Евгений Свистунов,2023-02-27 10:32
19930,Ошибка,Новая,Нормальный,"Ошибка из консоли DevTools ""POST https://play.google.com/log?format=json&hasfast=true&authuser=0 401""",Евгений Свистунов,2023-02-27 10:15
19929,Ошибка,Новая,Нормальный,"Ошибка из консоли DevTools ""Uncaught TypeError: $ is not a function (index):3831"".",Евгений Свистунов,2023-02-27 10:01
19928,Ошибка,Новая,Нормальный,"Ошибка из консоли DevTools ""product.f6b98ea74d0216d83b01.js:1 Uncaught TypeError: Cannot read properties of null (reading 'querySelectorAll')"".",Евгений Свистунов,2023-02-27 09:56
19927,Ошибка,Новая,Нормальный,"Ошибка из консоли DevTools ""Mixed Content: The page at 'https://zbroya.info/ru/' was loaded over HTTPS, but requested an insecure frame 'http: ... 78'. This request has been blocked; the content must be served over HTTPS.""",Евгений Свистунов,2023-02-27 09:49
19926,Ошибка,Новая,Нормальный,"Ошибка из консоли DevTools ""GET https://stvol.ua/storage/slider-videos/Bz9K4QE4IuUc26vVbHl0sFOTkTq36KN70azqkoCz.mp4 403"".",Евгений Свистунов,2023-02-27 09:28
19925,Ошибка,Новая,Нормальный,"Ошибка из консоли DevTools ""Failed to load resource: the server responded with a status of 403"".",Евгений Свистунов,2023-02-27 09:24
19833,Ошибка,Новая,Нормальный,"Ошибка Отсутствует ссылка в боковом меню ""Ноутбуки та Комп'ютери""","",2023-02-25 13:03
19829,Ошибка,Новая,Нормальный,"Отсутствует раздел ""Ноутбуки и компьютеры""",Демичева Татьяна,2023-02-25 12:55
19825,Ошибка,Новая,Нормальный,"В боковом меню отсутствует раздел "" Ноутбуки и компьютеры""",Redmine Admin,2023-02-25 12:52
19737,Ошибка,Новая,Нормальный,"Отсутствует украинская локализация раздела ""Фонд LEGO Foundation"", при переходе по ссылке  в футере ",Maria Flores,2023-02-13 17:52
19736,Ошибка,Новая,Нормальный,"Отсутствует украинская локализация раздела ""LEGO ideas"", при переходе по ссылке в футере ",Redmine Admin,2023-02-13 17:48
19735,Ошибка,Новая,Нормальный,"Отсутствует украинская локализация раздела ""Освіта від LEGO Uducatuon"", при переходе по ссылке  в футере ",Redmine Admin,2023-02-13 17:45
19674,Ошибка,Новая,Нормальный,"Непереведенная страница с английского на словацкий язык в словацкой локализации ""Vyhlásenie o transparentnosti dodávateľského reťazca"" в футере.",Евгений Свистунов,2023-02-12 21:08
19673,Ошибка,Новая,Нормальный,"Непереведенная страница с английского на словацкий язык в словацкой локализации ""Udržateľnosť"" в футере.",Евгений Свистунов,2023-02-12 21:06
19672,Ошибка,Новая,Нормальный,"Непереведенная страница с английского на словацкий язык в словацкой локализации ""Novinky LEGO®"" в футере.",Евгений Свистунов,2023-02-12 21:04
19671,Ошибка,Новая,Нормальный,"Непереведенная страница с английского на словацкий язык в словацкой локализации ""O spoločnosti LEGO Group"" в футере.",Евгений Свистунов,2023-02-12 21:02
19670,Ошибка,Новая,Нормальный,"Непереведенная страница с английского на словацкий язык в словацкой локализации ""Náhradné dieliky"".",Евгений Свистунов,2023-02-12 20:58
19669,Ошибка,Новая,Нормальный,"Непереведенная страница с английского на словацкий язык в словацкой локализации ""Časté otázky"".",Евгений Свистунов,2023-02-12 20:55
19668,Ошибка,Новая,Нормальный,"Непереведенная страница с английского на словацкий язык в словацкой локализации ""Návody na postavenie"".",Евгений Свистунов,2023-02-12 20:53
19662,Ошибка,Новая,Нормальный,"Непереведенная страница с английского на словацкий язык в словацкой локализации ""FAQ"".",Евгений Свистунов,2023-02-12 17:51
19661,Ошибка,Новая,Нормальный,Непереведенная страница с английского на словацкий язык в словацкой локализации.,Евгений Свистунов,2023-02-12 17:49
19660,Ошибка,Новая,Низкий,"Непереведенное слово ""Account"" с английского на ""Účet"" словацкий язык в словацкой локализации при регистрации.",Евгений Свистунов,2023-02-12 17:16
19659,Ошибка,Новая,Высокий,Отсутствует возможность мануального выбора языка.,Евгений Свистунов,2023-02-12 16:58
19539,Ошибка,Новая,Нормальный,Отсутствие добавления единицы товара выбранной позиции и уменьшения единицы в корзине ,Татьяна  Жаровля ,2023-02-09 20:01
19284,Ошибка,Новая,Низкий,"при наведении на select ""USB флеш-накопители"" в боковой панели навигации слева выводится пустой белый прямоугольник",Иван Кохановский,2023-02-06 21:01
19278,Ошибка,Новая,Нормальный,"При выборе локализации ""Rwanda"" вместо официального Раундского языка - текст на Английском языке.",Евгений Свистунов,2023-02-06 20:49
19273,Ошибка,Новая,Нормальный,"При выборе локализации ""Romania"" вместо текста на официальном Румынском языке - текст на Английском языке.",Евгений Свистунов,2023-02-06 20:45
19263,Ошибка,Новая,Нормальный,"При выборе локализации ""Portugal"" вместо текста на официальном Португальском языке - текст на Английском языке.",Евгений Свистунов,2023-02-06 20:37
19256,Ошибка,Новая,Нормальный,"При выборе локализации ""Poland"" вместо официального Польского языка - текст на Английском языке.",Евгений Свистунов,2023-02-06 20:30
19253,Ошибка,Новая,Нормальный,"При выборе локализации ""Peru"" вместо официального Испанского языка - текст на Английском языке.",Евгений Свистунов,2023-02-06 20:23
19247,Ошибка,Новая,Нормальный,Отсутствует локализация для страны Оман.,Евгений Свистунов,2023-02-06 20:18
19095,Ошибка,Новая,Высокий,"Отсутствует элемент интерфейса состоящий из заголовка ""Товары для геймеров"" находящийся с лева, и отсутствие иконка ""Бытовая техника"" ",Anastasiya Lopatovskaya,2023-02-04 10:07
19093,Ошибка,Новая,Высокий,"Отсутствует элемент интерфейса состоящий из заголовка ""Товары для геймеров"" находящийся с лева, и отсутствие иконка ""Бытовая техника"" ",Anastasiya Lopatovskaya,2023-02-04 10:06
19091,Ошибка,Новая,Нормальный,"Отсутствует элемент интерфейса состоящий из заголовка ""Товары для геймеров"" находящийся с лева, и отсутствие иконка ""Бытовая техника"" ",Anastasiya Lopatovskaya,2023-02-04 10:03
18971,Ошибка,Новая,Нормальный,Форма для ввода email и телефона при логине принимает любую строку,"",2023-02-01 14:08
18634,Улучшение,Новая,Нормальный,Добавить английскую локализацию,Redmine Admin,2023-01-11 20:01
18318,Ошибка,Новая,Низкий,[L10N] Отсутствует возможность выбрать другую локализацию после выборе EN локализации,Vlad  Nikolskyi,2022-12-17 17:09
18316,Ошибка,Новая,Низкий,[ L10N] Отсутствует UA локализация в тексте в банере на главной странице сайта ,Vlad  Nikolskyi,2022-12-17 17:06
18203,Ошибка,Новая,Низкий,"Выдает товар не соответствующий запросу слова ""Техника"", в поисковой строке в хедере. ",Дмитро Хамедов,2022-12-05 02:44
18202,Ошибка,Новая,Низкий,"Выдает товары не соответствующий запросу ""спички"" в поисковой строке, в хедере.",Дмитро Хамедов,2022-12-05 02:39
18201,Ошибка,Новая,Низкий,"Присутствует активная ссылка ""ноутбуки"", под поисковой строкой, на главной странице, в хедере",Дмитро Хамедов,2022-12-05 02:24
18200,Ошибка,Новая,Нормальный,"Не отображается текст подраздела ""Кухонные плиты"", в боковом меню категорий, на главной странице. ",Дмитро Хамедов,2022-12-05 01:43
18199,Ошибка,Новая,Нормальный,"Не отображается текс подменю ""фотоапараты"", в боковом меню Категорий, на главной странице.",Дмитро Хамедов,2022-12-05 01:37
18198,Ошибка,Новая,Нормальный,"Не отображается текст подменю ""Lego city"", в боковом меню Категорий, на главной странице.",Дмитро Хамедов,2022-12-05 01:31
18197,Ошибка,Новая,Нормальный,"Не отображается текст во всплывающем подменю ""домофоны"", в боковом меню Категорий на главной странице.",Дмитро Хамедов,2022-12-05 01:23
18196,Ошибка,Новая,Нормальный,"Пустое подменю ""смеситель"", в боковом меню Категорий, на главной странице сайта.",Дмитро Хамедов,2022-12-05 01:15
18195,Ошибка,Новая,Нормальный,"Исчезает внизсходящее меню, на кнопке ""электротранспорт"", боковое меню КАТЕГОРИЙ, на главной странице",Дмитро Хамедов,2022-12-05 01:02
18194,Ошибка,Новая,Нормальный,"Всплывает пустое меню, в боковом меню, раздел *usb - флеш накопители*, на главной странице",Дмитро Хамедов,2022-12-05 00:48
18021,Ошибка,Новая,Срочный,"При оформлении заказа, отсутствует информация о выборе способов оплаты.",Евгений Свистунов,2022-12-01 12:09
18020,Ошибка,Новая,Высокий,В окне авторизации отсутствует регистрация для юридических лиц.,Евгений Свистунов,2022-12-01 12:00
18019,Ошибка,Новая,Нормальный,Отсутствует интерактивная карта точек выдачи товара.,Евгений Свистунов,2022-12-01 11:47
18018,Ошибка,Новая,Низкий,Не правильно настроен ползунок цен.,Евгений Свистунов,2022-12-01 11:44
18017,Ошибка,Новая,Высокий,"Автоматическое открытие чата, без запроса каждую минуту.",Евгений Свистунов,2022-12-01 11:32
18016,Ошибка,Новая,Низкий,Отсутствует значок лупы в поисковой строке в хеддере.,Евгений Свистунов,2022-12-01 11:27
18015,Ошибка,Новая,Высокий,Отсутствие информации о компании и политике конфиденциальности на сайте.,Евгений Свистунов,2022-12-01 11:24
18003,Ошибка,Новая,Нормальный,"Пустые вкладки в аккордеоне ""Категории"".",Евгений Свистунов,2022-11-30 17:29
18002,Ошибка,Новая,Нормальный,"Отсутствует корректная информация ""О нас"".",Евгений Свистунов,2022-11-30 17:00
18001,Ошибка,Новая,Нормальный,"An Error Was Encountered (Была обнаружена ошибка) при вводе незарегистрированного пользователя в поле ""вход"" в хеддере, с права.",Евгений Свистунов,2022-11-30 16:23
17970,Ошибка,Новая,Низкий,"Не соответствие товара в разделе "" Сантехника""","",2022-11-28 20:12
17965,Ошибка,Новая,Нормальный,"В разделе ""Контакты"" В верхней строке хедера отсутствуют название месенджера по которому можно связаться с магазином""","",2022-11-28 20:06
17960,Ошибка,Новая,Высокий,Отсутствует активизация ссылок дополнительных телефонных номеров для связи в хедере,Natalia Buyaklu,2022-11-28 19:54
17955,Ошибка,Новая,Высокий,"Отсутствует  в хедере строка ссылки ""Чорна п'ятниця до - 60%"" ",Natalia Buyaklu,2022-11-28 17:49
17936,Ошибка,Новая,Высокий,"отсутствует фигурка кабинет  "" человечек"" в хедер справа","",2022-11-26 19:13
17930,Ошибка,Новая,Нормальный,"отсутствует реклама "" чорна п`ятниця до - 60%"" в хедер по центру",Redmine Admin,2022-11-26 19:05
17929,Ошибка,Новая,Низкий,"Отсутствует текст ""чорна п'ятниця"" в headere",Redmine Admin,2022-11-26 19:03
17643,Ошибка,Новая,Нормальный,"[atbmarket.com] Отсутствует описание полей в ""онлайн-чате"" при завершении диалога с оператором",Denis Boyko,2022-09-24 17:26
17609,Ошибка,Новая,Нормальный,Не меняется статус товара при добавлении товара в избранное,Темерева Соня,2022-09-21 20:27
17600,Ошибка,Новая,Нормальный,"Отсутсвует ограничение на введение буквенных символов в текстовом поле ""Телефон""",Темерева Соня,2022-09-21 20:19
17593,Ошибка,Новая,Нормальный,"Отсутствует корректное описание ограничений на количество вводимых символов в текстовом поле ""Телефон""",Темерева Соня,2022-09-21 20:12
17170,Ошибка,Новая,Нормальный,"Отсутсвует иконка ""сердце"" (лайк) в товаре ""Глобус Марко Поло політичний 320 мм (GMP.320п.)""",Kosuga Ivan,2022-08-14 11:10
17152,Ошибка,Новая,Низкий,"Отсутствие зеленой иконки в боковом меню на против раздела ""Сміливим вчитись до -45%"" ",Vladuslav Levitskiy,2022-08-14 10:45
17138,Ошибка,Новая,Нормальный,"На сайте https://rozetka.com.ua/ua/ в хедаре поисковая строчка не отображаеться ""микрофон""",Kosuga Ivan,2022-08-14 10:32
17071,Ошибка,Новая,Нормальный,Магазин Розница ошибка,"",2022-08-12 20:09
16812,Ошибка,Новая,Высокий,"Игровое поле 1 строка, 4 столбец",qa34 qa34,2022-07-12 20:47
16811,Ошибка,Новая,Нормальный,"Вкладка Файл меню ""Лучшие результатыты""",qa34 qa34,2022-07-12 20:40
16487,Ошибка,Новая,Нормальный,игра не дает возможность зарегистрироваться новому игроку,"",2022-07-11 10:16
16410,Ошибка,Новая,Нормальный,правая верхняя фишка не двигается,"",2022-07-11 00:25
16408,Ошибка,Новая,Низкий,окно с игрой не раздвигается на любой размер,"",2022-07-11 00:22
16401,Ошибка,Новая,Нормальный,меню игра/новая игра не всегда срабатывает,"",2022-07-11 00:12
16394,Ошибка,Новая,Нормальный,меню Файл список лучших игроков не заполняется рез.,"",2022-07-10 23:57
16374,Ошибка,Новая,Нормальный,"выпадающее меню ""?"" правый клик по ссылке","",2022-07-10 23:31
16366,Ошибка,Новая,Низкий,"выпадающее меню ""?"" год","",2022-07-10 23:23
16356,Ошибка,Новая,Нормальный,"выпадающее меню ""?"" ссылка","",2022-07-10 23:18
16339,Ошибка,Новая,Нормальный,"выпадающее меню ""?"" 2","",2022-07-10 23:05
16332,Ошибка,Новая,Нормальный,"выпадающее меню ""?""","",2022-07-10 23:03
16324,Ошибка,Новая,Нормальный,курсор перескакивает хаотично,"",2022-07-10 22:57
16320,Ошибка,Новая,Нормальный,"фишка ""14"" не двигается","",2022-07-10 22:53
15373,Ошибка,Новая,Нормальный,"Кнопка ""О программе"" не открывает окно","",2022-04-09 13:46
15129,Ошибка,Новая,Нормальный,ошибка,"",2021-12-04 16:42
14845,Ошибка,Новая,Низкий,Не корректно расположена ссылка Ноутбуки под поисковой строкой,nebula ramune,2021-10-01 17:36
14389,Ошибка,Новая,Нормальный,иконка не отображается напротив надписи красота и здоровье,Redmine Admin,2021-08-21 20:34
14388,Ошибка,Новая,Нормальный,"отсутствует иконка в разделе меню ""красота т здоровье"" на сайте ""Розетка""","",2021-08-21 20:34
14377,Ошибка,Новая,Нормальный,Отсутсутвует функция перехода на украинскую локацию,Redmine Admin,2021-08-21 20:25
14376,Ошибка,Новая,Нормальный,отсутствует ссылка для перехода на украинскую локализацию,"",2021-08-21 20:23
14375,Ошибка,Новая,Высокий,Отсутсвует локалізація українського язика ,Redmine Admin,2021-08-21 20:24
14374,Ошибка,Новая,Нормальный,функция Ua отсутствует,"",2021-08-21 20:17
14373,Ошибка,Новая,Нормальный,отсутствует функциональность переключения языка с русского на украинский в хедере сайта,Redmine Admin,2021-08-21 20:17
14369,Ошибка,Новая,Нормальный,Отсутствует ссылка для перехода на украинскую локализацию,"",2021-08-21 20:16
14368,Ошибка,Новая,Нормальный,[Rozetka.ua] при нажатии кнопки ua ничего не происходит,Redmine Admin,2021-08-21 20:16
14365,Ошибка,Новая,Нормальный,не работает переход  для перехода на украин,"",2021-08-21 20:15
14214,Ошибка,Новая,Нормальный,"Нижняя правая плитка переводит курсор на клавишу ""Новая игра""","",2021-07-03 16:55
14001,Ошибка,Новая,Нормальный,"логотип сайта ""киберполиция"" в футер сайта не перенаправляет на главную страницу сайта.",kaluzskiy alexandr,2021-05-11 20:17
13997,Ошибка,Новая,Нормальный,"в разделе ""обратная связь"" функционал останавливается на первом действии цепочки перехода по ""хлебным крошкам""",kaluzskiy alexandr,2021-05-11 20:10
13686,Ошибка,Новая,Низкий,"в футуре корзины товаров логотип лего ""Сеть сертифицированных магазинов LEGO"" не открывает главную страницу сайта","",2021-04-13 21:35
13684,Ошибка,Новая,Высокий,"Не воспроизводится видео в браузере Opera ""Lego Technic"" Julien Clement","",2021-04-13 21:30
13682,Ошибка,Новая,Низкий,"[FF81]ошибка : ""Правило Keyframe проигнорировано из-за плохого селектора.""","",2021-04-13 21:26
13672,Ошибка,Новая,Высокий,Зубаха Юрий,"",2021-04-13 21:12
13660,Ошибка,Новая,Нормальный,Зубаха Юрий,"",2021-04-13 20:51
13656,Ошибка,Новая,Нормальный,Зубаха Юрий,"",2021-04-13 20:46
13557,Ошибка,Новая,Нормальный,кнопка 8 не передвигается,"",2021-02-20 16:42
13545,Ошибка,Новая,Нормальный,кнопка о программе не открывает окно,"",2021-02-20 16:39
13438,Ошибка,Новая,Нормальный,"[IE11.09] Заголовок ""Туры на Мальдивы!"" наезжает на верхнюю строку в хедер сайта","",2021-01-26 19:30
13366,Ошибка,Новая,Нормальный,"Кнопка ""Share"" не кликабельна",Basko Marina,2021-01-12 20:45
838,Ошибка,Новая,Нормальный,"[GENERAL] В выпадающем меню ""Присадки"" иконки не выравнены относительно друг друга. ",Redmine Admin,2015-07-03 20:29
837,Ошибка,Новая,Нормальный,Ошибка в слове Мультиспери,Redmine Admin,2015-07-03 20:27
836,Ошибка,Новая,Нормальный,"E-mail не подкреплен ссылкой открытия почтового редактора на странице ""Контакты""",Redmine Admin,2015-07-03 20:22
835,Ошибка,Новая,Низкий,Некоректный вид описания товара,Redmine Admin,2015-07-03 20:22
834,Ошибка,Новая,Низкий,В разделе статей одна ссылка разбита на две. ,Redmine Admin,2015-07-03 20:21
833,Ошибка,Новая,Нормальный,"Текстовое противоречие на странице ""Масла""",Redmine Admin,2015-07-03 20:21
832,Ошибка,Новая,Низкий,"[GENERAL] Название сайта ""BISH"" пишется по разному в статьях.",Redmine Admin,2015-07-03 20:17
831,Ошибка,Новая,Срочный,Отсутствие возможности рассчитаться картой или по безналу за оформленый заказ,Redmine Admin,2015-07-03 20:09
830,Ошибка,Новая,Низкий,Пропущена буква в слове в разделе Доставка,Redmine Admin,2015-07-03 20:09
829,Ошибка,Новая,Нормальный,"Некорректная информация в разделе ""наши преимущества""",Redmine Admin,2015-07-03 20:09
828,Ошибка,Новая,Высокий,"Несоответствие фактического адреса в блоке ""Связаться с нами"" и адреса на карте в разделе ""Контакты""",Redmine Admin,2015-07-03 20:08
827,Ошибка,Новая,Низкий,"Неправильно выделена ссылка в статье ""Обслуживание систем кондиционирования"".",Redmine Admin,2015-07-03 20:08
826,Ошибка,Новая,Нормальный,"Ссылка ""автомасло"" в статье ""Должен ли быть расход автомобильного масла?"" ведёт на неправильную страницу.",Redmine Admin,2015-07-03 20:04
825,Улучшение,Новая,Нормальный,"Некорректно написаны рабочие дни недели в разделе ""Контакты""",Redmine Admin,2015-07-03 20:03
824,Ошибка,Новая,Высокий,"В ""Личном кабинете"" при изменении пароля не просит ввести старый пароль",Redmine Admin,2015-07-03 19:59
823,Ошибка,Новая,Нормальный,[GENERAL] Текст статей не выравнен по ширине.,Redmine Admin,2015-07-03 19:58
822,Ошибка,Новая,Высокий,Отсутствие выбора способа оплаты товара при крупном заказе,Redmine Admin,2015-07-03 19:58
821,Ошибка,Новая,Нормальный,"Разные названия ссылок в разделе ""Статьи""",Redmine Admin,2015-07-03 19:58
820,Ошибка,Новая,Нормальный,"Поля контактов не указаны как обязательные в разделе ""Адрес получателя""",Redmine Admin,2015-07-03 19:54
819,Ошибка,Новая,Низкий,"В разделе ""контакты"" недостаточно понятно указана информация времени работы магазина.",Redmine Admin,2015-07-03 19:53
818,Ошибка,Новая,Нормальный,"Время работы магазина в блоках ""Связь с нами"" и ""Режим работы"" разное.",Redmine Admin,2015-07-03 19:51
817,Ошибка,Новая,Нормальный,"Поле сообщений в разделе ""контакты"" растягивается горизонтально.",Redmine Admin,2015-07-03 19:50
816,Ошибка,Новая,Нормальный,"В окне ""Фильтр"" опечатка в слове ""автомобилю""",Redmine Admin,2015-07-03 19:49
814,Ошибка,Новая,Нормальный,"Сылки раздела ""Сервис и помощь"", открываются в новом окне ",Redmine Admin,2015-07-03 19:48
813,Ошибка,Новая,Высокий,Некоректный вывод информации при выборе моторного масла Bizol,Natali Hodak,2015-07-03 19:47
812,Ошибка,Новая,Низкий,"Название товара находится ниже уровня другого товара в разделе ""Подарочные комплекты""",Redmine Admin,2015-07-03 19:45
811,Ошибка,Новая,Нормальный,"Отсутствие информации  о видах антифризов в разделе ""Автохимия""",Redmine Admin,2015-07-03 19:43
809,Ошибка,Новая,Нормальный,"Функциональность ""Подбор масел"" работает неправильно ",Redmine Admin,2015-07-03 19:38
808,Ошибка,Новая,Срочный,Невозможно восстановить пароль для входа на сайт,Redmine Admin,2015-07-03 19:35
807,Ошибка,Новая,Нормальный,"Отсутствует цены на скидочные товары , и поэтому не понятно сколько скидка",Redmine Admin,2015-07-03 19:34
806,Ошибка,Новая,Низкий,"Не вместился текст краткого описания товара ""Liqui Moly Hochleistungs-Getriebeoil (GL-3+) SAE 75W-80""  в разделе ""Трансмиссионные масла"" , ",Redmine Admin,2015-07-03 19:34
804,Ошибка,Новая,Нормальный,Под фотографии товара  непонятное объект ,Redmine Admin,2015-07-03 19:30
803,Ошибка,Новая,Нормальный,"Дистиллированная вода в разделе ""автокосметика"".",Redmine Admin,2015-07-03 19:29
802,Ошибка,Новая,Нормальный,Отсутствие информации в описании товара,Elena Gerasimova,2015-07-03 19:29
801,Ошибка,Новая,Нормальный,"Не логичный правый баннер в разделе ""Доставка""",Redmine Admin,2015-07-03 19:27
800,Ошибка,Новая,Нормальный,"Текстовое поле растягивается по ширине в разделе ""Адрес получателя""",Redmine Admin,2015-07-03 19:27
799,Ошибка,Новая,Нормальный,Не работает кнопка клавиатуры справа от поля поиска.,Ольга Максюк,2015-07-03 19:26
798,Ошибка,Новая,Нормальный,Некорректное название кнопки для восстановления пароля,Redmine Admin,2015-07-03 19:25
797,Ошибка,Новая,Низкий,"Несоответствие в описании продукта ""Платки Liqui Moly для полировки (5 шт.)"" с другими товарами",Irina Selysheva,2015-07-03 19:23
796,Ошибка,Новая,Нормальный,Не логичный правый бан,"",2015-07-03 19:23
795,Ошибка,Новая,Нормальный,Тень выделения товара разных размеров,Redmine Admin,2015-07-03 19:22
