Код,Проєкт,Хто повідомив,Кому призначена,Пріоритет,Серйозність,Відтворюваність,Версія продукту,Категорія,Зареєстрована,ОС,Версія,Платформа,Рівень доступу,Оновлена,Статистика,Статус,Резолюція,Виправлена у версії
0001499,[Matvienko K.] https://avada-media.ua,valera4,,нормальний,незначна,не пробував,,General,2023-12-11,,,,спільна,2023-12-11,test,нова,відкрита,
0001326,[Matvienko K.] https://avada-media.ua,YA,,високий,банальна,завжди,,General,2023-08-18,,,,спільна,2023-08-18,Отсутствует валидация для количества любого выбираемого товара,нова,відкрита,
0000734,[Matvienko K.] https://avada-media.ua,administrator,Kirilenko Andrey,нормальний,значна,завжди,,General,2023-01-03,,,,спільна,2023-01-03,"Браузер не загружает страницу для просмотра по поисковому запросу ""ИДЕИ UI / UX""",призначена,відкрита,
0000733,[Matvienko K.] https://avada-media.ua,administrator,Kirilenko Andrey,нормальний,незначна,завжди,,General,2023-01-03,,,,спільна,2023-01-03,"Отсутствует элемент стилизации для ссылки ""Електронні картки Apple і Google"" в боковом меню - раздел ""РІШЕННЯ""",призначена,відкрита,
0000723,[Matvienko K.] https://avada-media.ua,administrator,Kirilenko Andrey,нормальний,незначна,завжди,,General,2023-01-03,,,,спільна,2023-01-03,"Отсутствует ссылка ""НАЗАД У ГЛОСАРІЙ""/""BACK TO GLOSSARY"" при просмотре страницы ""ЩО ТАКЕ ЧАТ-БОТ?"" в UA и EN локализациях",призначена,відкрита,
0000732,[Matvienko K.] https://avada-media.ua,administrator,,нормальний,значна,завжди,,General,2023-01-03,,,,спільна,2023-01-03,Отсутствует валидация вводимых значений в форме для получения расчета стоимости проэкта,нова,відкрита,
0000731,[Matvienko K.] https://avada-media.ua,administrator,Kirilenko Andrey,нормальний,незначна,завжди,,General,2023-01-03,,,,спільна,2023-01-03,"Отсутствует кнопка ""НАЗАД В ГЛОССАРИЙ"" при просмотре страницы ""ЧТО ТАКОЕ BLOCKCHAIN?"" на RU локализиции",призначена,відкрита,
0000730,[Matvienko K.] https://avada-media.ua,administrator,Kirilenko Andrey,нормальний,незначна,завжди,,General,2023-01-03,,,,спільна,2023-01-03,"Не кликабельная ссылка ""Blockchain"" в UA и EN локализациях",призначена,відкрита,
0000727,[Matvienko K.] https://avada-media.ua,administrator,Kirilenko Andrey,нормальний,незначна,завжди,,General,2023-01-03,,,,спільна,2023-01-03,"Не кликабельная ссылка ""НАЗАД У ГЛОСАРІЙ"" на странице ""ЩО ТАКЕ BEHANCE?"" на UA локализации",призначена,відкрита,
0000729,[Matvienko K.] https://avada-media.ua,administrator,Kirilenko Andrey,нормальний,незначна,завжди,,General,2023-01-03,,,,спільна,2023-01-03,"Раздел ""Матеріали"" смещён влево на 30 px - на главной странице сайта ""SPACELAB""",призначена,відкрита,
0000728,[Matvienko K.] https://avada-media.ua,administrator,Kirilenko Andrey,нормальний,незначна,завжди,,General,2023-01-03,,,,спільна,2023-01-03,"Не кликабельная ссылка ""Android"" на странице ""F.A.Q.""",призначена,відкрита,
0000726,[Matvienko K.] https://avada-media.ua,administrator,Kirilenko Andrey,нормальний,текст,завжди,,General,2023-01-03,,,,спільна,2023-01-03,"Не соответствует название статьи, предложенной для перехода ссылке в EN локализации",призначена,відкрита,
